<?xml version="1.0" encoding="UTF-8"?>
<project-private xmlns="http://www.netbeans.org/ns/project-private/1">
    <editor-bookmarks xmlns="http://www.netbeans.org/ns/editor-bookmarks/2" lastBookmarkId="0"/>
    <open-files xmlns="http://www.netbeans.org/ns/projectui-open-files/2">
        <group>
            <file>file:/U:/My%20Documents/netBeansProjects/TicTacToeV1/src/neuralNet/neurons/Neuron.java</file>
            <file>file:/U:/My%20Documents/netBeansProjects/TicTacToeV1/src/neuralNet/layers/OutputLayer.java</file>
            <file>file:/U:/My%20Documents/netBeansProjects/TicTacToeV1/src/neuralNet/neurons/HiddenNeuron.java</file>
            <file>file:/U:/My%20Documents/netBeansProjects/TicTacToeV1/src/neuralNet/neurons/OutputNeuron.java</file>
            <file>file:/U:/My%20Documents/netBeansProjects/TicTacToeV1/src/neuralNet/layers/AbstractLayer.java</file>
        </group>
    </open-files>
</project-private>
